{
  "km": [
    0.00183865,
    0.534275,
    0.00270937,
    0.0350639,
    1.49108,
    0.0224372,
    0.00673059,
    3.57715e-06,
    0.0365418,
    0.00290943,
    0.00111504,
    0.047801,
    0.970405,
    0.000556923,
    0.147395,
    0.565163,
    0.050784,
    0.187972,
    0.0702566,
    2.92734,
    0.370892,
    0.0276674,
    0.299245,
    0.381959,
    0.00295194,
    0.00998315,
    0.00651492,
    0.00593141,
    0.0493029,
    0.00193366,
    0.0445093,
    0.304079,
    0.0107127,
    0.0801502,
    0.00331018,
    0.0204508
  ],
  "drain": [
    [
      0.137749,
      0.771312
    ],
    [
      0.149042,
      1.23125
    ]
  ],
  "ki": [
    0.0888983,
    0.00161133
  ],
  "diss_t": [
    5.49651,
    0.0150659
  ],
  "diss_r": [
    0.0520911,
    0.0931384,
    0.153686,
    0.00600631
  ],
  "transfer_constant": [
    82.7304,
    0.45577,
    0.308991,
    0.320726
  ],
  "kcat": [
    192.984,
    26.1041,
    16.2456,
    7.9944,
    0.481468,
    14.3321,
    2.20318,
    2.33938,
    2.94788
  ],
  "conc_unbalanced": [
    [
      0.00200588,
      1.46442,
      0.349942,
      0.00311704,
      0.0224097,
      1.55051,
      0.822949,
      0.402717,
      0.00272782,
      0.00119415,
      0.255781,
      1.00387,
      0.3733,
      0.000104202,
      1.46288,
      0.0194569
    ],
    [
      0.000882555,
      1.43137,
      2.2384,
      0.0021923,
      0.0795134,
      1.39261,
      1.81328,
      2.42281,
      0.0021368,
      0.00120847,
      0.25,
      0.908767,
      0.240947,
      3.55429e-05,
      1.60173,
      0.0209475
    ]
  ],
  "conc_enzyme": [
    [
      1.02346,
      1.02664,
      1.41277,
      0.919387,
      1.05441,
      0.897145,
      0.814537,
      0.942356,
      1.09719
    ],
    [
      0.928999,
      1.11489,
      1.05597,
      0.906048,
      1.0492,
      1.0058,
      1.22437,
      0.98214,
      0.986742
    ]
  ],
  "dgf": [
    1109.45,
    327.673,
    483.455,
    1361.19,
    -246.015,
    876.287,
    66.9578,
    18.1796,
    139.142,
    501.459,
    12.6222,
    492.962,
    -0.99071,
    1058.07,
    529.382,
    623.45,
    -428.487,
    -842.874,
    1044.87,
    236.078,
    615.052
  ]
}
