{
  "kcat": [
    253.509,
    13.0074,
    14.2271,
    10.6739,
    4.44238,
    15.8244,
    3.49153,
    1.99835,
    2.27286
  ],
  "kcat_phos": [],
  "km": [
    0.00262728,
    0.762338,
    0.00797758,
    0.0026944,
    1.96768,
    0.0209067,
    0.00127783,
    0.00173185,
    0.0239205,
    0.00267054,
    0.0781892,
    0.786381,
    0.390925,
    0.105779,
    1.18817,
    0.627418,
    0.0112755,
    0.00951438,
    0.00657766,
    0.00664167,
    0.0893597,
    0.00177306,
    0.0332733,
    0.0201157,
    0.080062,
    0.0207355
  ],
  "dgf": [
    1104.12,
    329.204,
    477.634,
    1362.49,
    -246.229,
    880.521,
    64.8056,
    28.1517,
    139.61,
    500.095,
    9.46934,
    498.013,
    0.246319,
    1059.07,
    585.899,
    650.775,
    -427.933,
    -841.701,
    1048.08,
    234.697,
    617.931
  ],
  "ki": [
    0.0273199,
    0.00240978
  ],
  "diss_t": [
    0.631296,
    0.00493675
  ],
  "diss_r": [
    0.179795,
    0.289486,
    0.0637372,
    0.000765925
  ],
  "transfer_constant": [
    1.18817,
    1.35265,
    0.179344,
    0.402431
  ],
  "conc_unbalanced": [
    [
      0.00307586,
      1.4183,
      0.754485,
      0.0022453,
      0.0586235,
      1.46579,
      2.07501,
      0.900556,
      0.00331272,
      0.00120475,
      0.23933,
      1.03714,
      0.361268,
      0.000124857,
      1.62668,
      0.0231951
    ],
    [
      0.00629521,
      1.38759,
      4.15114,
      0.00248061,
      0.0580073,
      1.37496,
      1.30949,
      0.788751,
      0.00324384,
      0.00120776,
      0.239678,
      0.955827,
      0.629323,
      5.5988e-05,
      1.57562,
      0.0230954
    ]
  ],
  "drain": [
    [
      0.134388,
      0.805903
    ],
    [
      0.147816,
      1.14649
    ]
  ],
  "conc_enzyme": [
    [
      0.964984,
      0.977343,
      1.46851,
      0.984971,
      0.987411,
      1.00206,
      1.01768,
      0.971745,
      0.973681
    ],
    [
      1.01569,
      1.04767,
      0.983729,
      1.00486,
      1.02733,
      0.988125,
      0.969053,
      0.991701,
      1.04199
    ]
  ],
  "conc_phos": [],
  "log_kcat_z": [
    0.5639054746341456,
    -0.28501860636774345,
    -1.7672303756004684,
    0.521574942794191,
    0.35136645424995155,
    0.0007715562932979481,
    -0.6573046609494612,
    0.3716186745519685,
    -0.1098403040148664
  ],
  "log_kcat_phos_z": [],
  "log_km_z": [
    -0.26595852817856036,
    -0.3039187443553954,
    0.3157245773147661,
    0.14901418225296226,
    0.21999093800847566,
    0.30714278747782275,
    -0.0801508906725501,
    -0.12776482969862846,
    2.262546109419217,
    -0.3855619481664119,
    -0.7494008119433906,
    -0.31268399112307194,
    -0.6429065716343588,
    0.06163661377539899,
    -0.08707964083504746,
    -0.32423192530000516,
    -0.10549831206585734,
    -0.019732605959287906,
    0.38214715486538425,
    0.434883180373861,
    0.002016713908183032,
    0.09910361111544243,
    -0.07592745402242063,
    -0.05489375752813008,
    -0.4252842822992647,
    -0.17084962551175512
  ],
  "dgf_z": [
    0.42399999999997817,
    0.6408000000000016,
    -0.6879487179487161,
    -0.6421400000000176,
    -0.09888928462356368,
    -0.2958000000000084,
    -0.5377435897435899,
    -0.13691111111111098,
    0.4276737772091061,
    -0.24440179999999145,
    0.3806846153846155,
    0.3459118753341642,
    0.246319,
    -0.01931600000002618,
    0.10912407174371722,
    0.1327155294456249,
    0.4745171206416621,
    0.18126245308320435,
    0.05599999999999454,
    0.17000736944406636,
    -0.413799999999992
  ],
  "log_ki_z": [
    -0.32181417210382257,
    -0.25337945204561496
  ],
  "log_diss_t_z": [
    0.371996187282757,
    0.24904746564358637
  ],
  "log_diss_r_z": [
    0.3339532935515519,
    0.18507620264369695,
    -0.19955425601780008,
    -0.6826416569652132
  ],
  "log_transfer_constant_z": [
    0.08620715417302985,
    0.15103281565952154,
    0.292067781645324,
    -1.0044219570293071
  ],
  "log_conc_unbalanced_z": [
    [
      -0.35988616335179946,
      0.019364975183020928,
      -0.28171988168756334,
      0.011908023920716505,
      0.23026430485820001,
      -0.03050188990162123,
      0.6548375367624711,
      -0.10474292862618476,
      0.35357690708236533,
      -0.1889848739850592,
      -0.26643589850020855,
      0.36466924956660196,
      -0.4696358861954535,
      0.22199889644671522,
      0.4520680906562078,
      0.3437150496348816
    ],
    [
      0.32877199991332856,
      -0.1275514135333662,
      1.4233829953149817,
      0.29995818322043655,
      0.21497229995263795,
      -0.7640994413571298,
      0.04351187339704245,
      -0.23730459729867476,
      0.30657066325820853,
      -0.1603358758330699,
      -0.24975388784306304,
      -0.4517834464949244,
      0.33242274564858054,
      -0.5800328039296936,
      -0.1385297292245988,
      0.2983720394282641
    ]
  ],
  "drain_z": [
    [
      0.1067692307692308,
      0.5908289473684214
    ],
    [
      -0.012266666666665982,
      0.04490000000000105
    ]
  ],
  "log_conc_enzyme_z": [
    [
      -0.35643758091486877,
      -0.22917613833137315,
      -0.21216826805081357,
      -0.1514307986782674,
      -0.12668912850783018,
      0.020578811094439885,
      0.1752552686581836,
      -0.2866185461935785,
      -0.266715443848947
    ],
    [
      0.1556818448805261,
      0.46568650815819734,
      -0.1640482636528446,
      0.04848228324820788,
      0.26963203578216965,
      -0.11946071018400556,
      -0.31435973024682995,
      -0.0833362842109943,
      0.411323463561416
    ]
  ],
  "log_conc_phos_z": []
}
