{"kcat":[196.228,72.2426,0.214025,28.0032,6.43905,1294.26,196.18,47.2669,1648.27,343.058,277.275,7882.0],"kcat_phos":[],"km":[0.330054,0.0585714,0.124691,0.204894,0.111122,2.44643,0.0161569,1.89214,0.00827759,0.00181953,0.0121344,0.0144179,0.0495717,0.0166514,0.0156241,1.08937,0.0389003,0.00776593,0.405798,0.0234655,0.062408,0.012363,3.69162,0.0273258,0.0156515,0.0567506,0.145489,0.160517,3.59655,0.00474131,0.6337,0.284425,1.93397,0.162113,0.330799,2.98706,0.224061],"dgf":[-2211.61,-1353.18,-1352.93,-1404.48,-2280.94,-1100.63,-1301.12,-2192.58,-1090.53,-1302.64,-1135.96,-1068.24,-1204.76,-1071.02],"ki":[],"diss_t":[0.0554596,0.543765],"diss_r":[0.0410497,0.0189889,0.005036],"transfer_constant":[0.423047,0.458115,2.11961],"conc_unbalanced":[[0.603348,6.03655,2.21302,2.25887,0.00316622,4.38652],[0.753443,3.44003,6.48186,4.49945,0.00450943,0.522796],[0.671851,3.27233,2.68181,2.75871,0.00285425,9.55772]],"drain":[[6.78502],[6.04431],[7.31255]],"conc_enzyme":[[0.156365,0.0898243,0.00339636,0.00406131,0.00119304,0.314699,0.017617,0.00250755,0.0354826,0.118584,0.0403921,0.0172376],[0.196246,0.137528,0.0360658,0.0610481,0.0010414,0.219045,0.018617,0.00355956,0.0439204,0.0719965,0.0348105,0.0223757],[0.186768,0.0987273,0.00248051,0.00702707,0.00112418,0.302397,0.0192979,0.0026789,0.0324564,0.0717598,0.0352219,0.025289]],"conc_phos":[],"log_kcat_z":[-0.07766989375474154,4.344410935431917,-0.35993239147323,0.7713247950571467,0.6095741943316091,1.017254589842369,2.057490773402937,-0.5724082580203249,0.3073566104405012,-0.09445057350340402,1.156911235692215,-0.49370673443863033],"log_kcat_phos_z":[],"log_km_z":[2.1437369174497047,-1.0698473263000965,1.7425093119372748,-1.7369407537063764,1.1664594118301252,0.40296527694893136,-1.0669253527313027,-0.47552054738019045,-1.7643608206515067,0.33974987459073347,-0.9993757587110705,-0.6545235667407647,-1.7253756783424046,-0.3664759531566455,0.08152878572262345,0.38192012630343825,-0.2913210541867901,-0.6962981103575174,-0.5340430154056464,-0.3167228375864073,0.1967445503195564,-0.055102516417329106,0.2665120880215044,0.4447774299224805,0.21258278968161903,0.4371125520570951,0.19229029884872295,0.01613020365168749,0.9068138198282127,0.9685268039293682,-0.7030397005841915,0.35215223187774347,1.3935440600985416,-0.3174608984509786,1.0063871472446464,0.3233510444746468,-1.4593206922266977],"dgf_z":[0.18571428571422507,-0.6125000000000114,2.513333333333321,0.591666666666697,-0.08275862068973672,-3.118181818181876,0.7538461538461678,1.0571428571429784,0.7461538461538672,1.5846153846153426,0.7664122137404552,0.882442748091599,0.21249999999994884,1.0533333333332848],"log_ki_z":[],"log_diss_t_z":[0.37806866802989925,-0.32155603830105806],"log_diss_r_z":[0.4189466617066242,-0.3519822680816671,-0.9091165281261553],"log_transfer_constant_z":[-0.8602719949971303,-0.7806350346831411,0.7512321094966374],"log_conc_unbalanced_z":[[-0.34010924667965914,0.5881031720653186,0.3275501238626134,-0.6225959953269852,0.34672061395860865,1.8905606475068502],[0.35225621920897804,1.1727961585292905,0.1570300361956386,0.26018620818240823,1.5719336157495047,0.8270105723116473],[-0.898648936308122,-0.9951462580946273,1.7886237475309168,-0.4195700877933548,0.4945428897884649,2.2799671489446776]],"drain_z":[[0.18195619000000018],[1.0783655680000006],[1.0868168449999995]],"log_conc_enzyme_z":[[-0.6448309655798393,1.168379477254213,-1.4412580416065082,-2.2540530826249827,-0.21872166212527305,0.4217057559749236,-1.2843480766516198,-0.772580106549358,0.9500064273256472,0.635865664777408,-0.9812709958021943,-0.7768882428114445],[2.7601321339476694,3.269758752121958,0.9563463153824229,1.452523573939987,-1.319524273610927,0.7215757136142984,0.0899086932557617,0.6860595172242986,-0.18701900359357587,0.6125215435812458,-0.1567597908414641,0.30728440236366417],[-0.7666320140970342,1.5395825228757245,-0.8581481651184569,-1.3226678450239155,-1.1403468588998618,1.0999188488321474,1.4853742542638937,0.8070004626276043,-1.1310634169696676,0.510162110686567,-0.8524949262715018,0.3514147144420044]],"log_conc_phos_z":[]}